<?xml version="1.0" encoding="UTF-8" ?>
<!--mybatis的代码生成器相关配置-->
<!DOCTYPE generatorConfiguration
        PUBLIC "-//mybatis.org//DTD MyBatis Generator Configuration 1.0//EN"
        "http://mybatis.org/dtd/mybatis-generator-config_1_0.dtd">

<generatorConfiguration>
    <!-- 引入配置文件 -->
    <properties resource="application-dev.properties"/>

    <!-- 一个数据库一个context,context的子元素必须按照它给出的顺序
        property*,plugin*,commentGenerator?,jdbcConnection,javaTypeResolver?,
        javaModelGenerator,sqlMapGenerator?,javaClientGenerator?,table+
    -->
    <context id="myContext" targetRuntime="MyBatis3Simple" defaultModelType="flat">
        <property name="javaFileEncoding" value="UTF-8"/>
        <!--配置是否使用 tk.mybatis 插件的注释，默认 true, 为true时 commentGenerator 中的配置不生效-->
        <!--<property name="useMapperCommentGenerator" value="false"/>-->

        <!-- 这个插件给生成的Java模型对象增加了equals和hashCode方法 -->
        <!--<plugin type="org.mybatis.generator.plugins.EqualsHashCodePlugin"/>-->

        <!--tk.mybatis 插件，用于生成通用 mapper-->
        <plugin type="tk.mybatis.mapper.generator.MapperPlugin">
            <!--dao 要继承的接口-->
            <property name="mappers" value="tk.mybatis.mapper.common.Mapper"/>
            <!--是否区分大小写，默认false-->
            <property name="caseSensitive" value="true"/>
        </plugin>

        <!-- 注释 -->
        <commentGenerator>
            <!-- 是否不生成注释 -->
            <property name="suppressAllComments" value="true"/>
            <!-- 不希望生成的注释中包含时间戳 -->
            <!--<property name="suppressDate" value="true"/>-->
            <!-- 添加 db 表中字段的注释，只有suppressAllComments为false时才生效-->
            <!--<property name="addRemarkComments" value="true"/>-->
        </commentGenerator>


        <!-- jdbc连接 -->
        <jdbcConnection driverClass="${spring.datasource.driverClassName}"
                        connectionURL="${spring.datasource.url}"
                        userId="${spring.datasource.username}"
                        password="${spring.datasource.password}">
            <!--高版本的 mysql-connector-java 需要设置 nullCatalogMeansCurrent=true-->
            <property name="nullCatalogMeansCurrent" value="true"/>
        </jdbcConnection>

        <!-- 类型转换 -->
        <javaTypeResolver>
            <!--是否使用bigDecimal，默认false。
                false，把JDBC DECIMAL 和 NUMERIC 类型解析为 Integer
                true，把JDBC DECIMAL 和 NUMERIC 类型解析为java.math.BigDecimal-->
            <property name="forceBigDecimals" value="true"/>
            <!--默认false
                false，将所有 JDBC 的时间类型解析为 java.util.Date
                true，将 JDBC 的时间类型按如下规则解析
                    DATE	                -> java.time.LocalDate
                    TIME	                -> java.time.LocalTime
                    TIMESTAMP               -> java.time.LocalDateTime
                    TIME_WITH_TIMEZONE  	-> java.time.OffsetTime
                    TIMESTAMP_WITH_TIMEZONE	-> java.time.OffsetDateTime
                -->
            <!--<property name="useJSR310Types" value="false"/>-->
        </javaTypeResolver>

        <!-- 生成实体类地址 -->
        <javaModelGenerator targetPackage="com.wqlm.boot.user.po" targetProject="src/main/java">
            <!-- 是否让 schema 作为包的后缀，默认为false -->
            <!--<property name="enableSubPackages" value="false"/>-->
            <!-- 是否针对string类型的字段在set方法中进行修剪，默认false -->
            <property name="trimStrings" value="true"/>
        </javaModelGenerator>


        <!-- 生成Mapper.xml文件 -->
        <sqlMapGenerator targetPackage="mapper" targetProject="src/main/resources">
            <!--<property name="enableSubPackages" value="false"/>-->
        </sqlMapGenerator>

        <!-- 生成 XxxMapper.java 接口-->
        <javaClientGenerator targetPackage="com.wqlm.boot.user.dao" targetProject="src/main/java" type="XMLMAPPER">
            <!--<property name="enableSubPackages" value="false"/>-->
        </javaClientGenerator>


        <!-- schema为数据库名，oracle需要配置，mysql不需要配置。
             tableName为对应的数据库表名
             domainObjectName 是要生成的实体类名(可以不指定，默认按帕斯卡命名法将表名转换成类名)
             enableXXXByExample 默认为 true,只有在 targetRuntime="MyBatis3" 时才生效，
             为 true 会生成一个对应Example帮助类，帮助你进行条件查询，不想要可以设为false
             -->
        <table schema="test" tableName="event" domainObjectName="Event"
               enableCountByExample="false" enableDeleteByExample="false" enableSelectByExample="false"
               enableUpdateByExample="false" selectByExampleQueryId="false">
            <!--是否使用实际列名,默认为false-->
            <!--<property name="useActualColumnNames" value="false" />-->
        </table>
        <table schema="test" tableName="event_has_movie" domainObjectName="EventHasMovie"
               enableCountByExample="false" enableDeleteByExample="false" enableSelectByExample="false"
               enableUpdateByExample="false" selectByExampleQueryId="false">
            <!--是否使用实际列名,默认为false-->
            <!--<property name="useActualColumnNames" value="false" />-->
        </table>
        <table schema="test" tableName="event_has_watcher" domainObjectName="EventHasWatcher"
               enableCountByExample="false" enableDeleteByExample="false" enableSelectByExample="false"
               enableUpdateByExample="false" selectByExampleQueryId="false">
            <!--是否使用实际列名,默认为false-->
            <!--<property name="useActualColumnNames" value="false" />-->
        </table>
        <table schema="test" tableName="groupzu" domainObjectName="Group"
               enableCountByExample="false" enableDeleteByExample="false" enableSelectByExample="false"
               enableUpdateByExample="false" selectByExampleQueryId="false">
            <!--是否使用实际列名,默认为false-->
            <!--<property name="useActualColumnNames" value="false" />-->
        </table>
        <table schema="test" tableName="group_has_watcher" domainObjectName="GroupHasWatcher"
               enableCountByExample="false" enableDeleteByExample="false" enableSelectByExample="false"
               enableUpdateByExample="false" selectByExampleQueryId="false">
            <!--是否使用实际列名,默认为false-->
            <!--<property name="useActualColumnNames" value="false" />-->
        </table>
        <table schema="test" tableName="moderator" domainObjectName="Moderator"
               enableCountByExample="false" enableDeleteByExample="false" enableSelectByExample="false"
               enableUpdateByExample="false" selectByExampleQueryId="false">
            <!--是否使用实际列名,默认为false-->
            <!--<property name="useActualColumnNames" value="false" />-->
        </table>
        <table schema="test" tableName="movie" domainObjectName="Movie"
               enableCountByExample="false" enableDeleteByExample="false" enableSelectByExample="false"
               enableUpdateByExample="false" selectByExampleQueryId="false">
            <!--是否使用实际列名,默认为false-->
            <!--<property name="useActualColumnNames" value="false" />-->
        </table>
        <table schema="test" tableName="watcher" domainObjectName="Watcher"
               enableCountByExample="false" enableDeleteByExample="false" enableSelectByExample="false"
               enableUpdateByExample="false" selectByExampleQueryId="false">
            <!--是否使用实际列名,默认为false-->
            <!--<property name="useActualColumnNames" value="false" />-->
        </table>
        <table schema="test" tableName="vote" domainObjectName="Vote"
               enableCountByExample="false" enableDeleteByExample="false" enableSelectByExample="false"
               enableUpdateByExample="false" selectByExampleQueryId="false">
            <!--是否使用实际列名,默认为false-->
            <!--<property name="useActualColumnNames" value="false" />-->
        </table>

    </context>
</generatorConfiguration>